,Family,Block,Treatment,V4
1,211,1,W,191
2,184,1,W,198
3,113,1,W,206
4,6,1,W,218
5,108,1,W,207
6,246,1,W,204
7,140,1,W,187
8,45,1,W,194
9,47,1,W,203
10,276,1,W,215
11,384,1,W,204
12,227,1,W,213
13,119,1,W,191
14,223,1,W,218
15,9,1,W,214
16,189,1,W,193
17,217,1,W,203
18,264,1,W,209
19,10,1,W,198
20,369,1,W,206
21,319,1,W,217
22,132,1,W,186
23,180,1,W,204
24,196,1,W,200
25,353,1,W,213
26,139,1,W,182
27,27,1,W,199
28,258,1,W,211
29,83,1,W,208
30,280,1,W,201
31,53,1,W,192
32,22,1,W,196
33,209,1,W,189
34,236,1,W,204
35,228,1,W,215
36,82,1,W,208
37,306,1,W,210
38,309,1,W,200
39,169,1,W,207
40,168,1,W,NA
41,121,1,W,199
42,374,1,W,203
43,79,1,W,217
44,54,1,W,210
45,38,1,W,198
46,36,1,W,211
47,175,1,W,194
48,344,1,W,223
49,270,1,W,211
50,135,1,W,207
51,17,1,W,197
52,342,1,W,219
53,323,1,W,219
54,383,1,W,NA
55,25,1,W,189
56,206,1,W,209
57,199,1,W,211
58,292,1,W,215
59,226,1,W,199
60,186,1,W,205
61,149,1,W,206
62,333,1,W,218
63,290,1,W,218
64,381,1,W,208
65,120,1,W,201
66,232,1,W,206
67,129,1,W,197
68,207,1,W,206
69,286,1,W,198
70,208,1,W,201
71,215,1,W,197
72,350,1,W,217
73,273,1,W,216
74,357,1,W,198
75,173,1,W,185
76,174,1,W,217
77,225,1,W,198
78,317,1,W,190
79,266,1,W,208
80,296,1,W,207
81,289,1,W,207
82,271,1,W,210
83,43,1,W,186
84,152,1,W,198
85,99,1,W,206
86,143,1,W,183
87,52,1,W,196
88,340,1,W,195
89,86,1,W,202
90,68,1,W,204
91,248,1,W,209
92,117,1,W,187
93,165,1,W,202
94,23,1,W,201
95,98,1,W,219
96,370,1,W,219
97,137,1,W,190
98,56,1,W,207
99,87,1,W,213
100,13,1,W,NA
101,157,1,W,200
102,30,1,W,220
103,261,1,W,221
104,193,1,W,191
105,216,1,W,207
106,322,1,W,204
107,91,1,W,190
108,274,1,W,211
109,298,1,W,201
110,72,1,W,207
111,34,1,W,205
112,142,1,W,194
113,31,1,W,203
114,123,1,W,203
115,233,1,W,206
116,93,1,W,201
117,136,1,W,190
118,191,1,W,198
119,239,1,W,196
120,291,1,W,198
121,66,1,W,208
122,262,1,W,206
123,103,1,W,200
124,269,1,W,208
125,313,1,W,201
126,325,1,W,211
127,355,1,W,214
128,314,1,W,200
129,59,1,W,208
130,360,1,W,207
131,106,1,W,201
132,302,1,W,204
133,110,1,W,208
134,376,1,W,204
135,76,1,W,205
136,335,1,W,209
137,200,1,W,203
138,162,1,W,192
139,77,1,W,218
140,134,1,W,220
141,138,1,W,197
142,42,1,W,194
143,164,1,W,184
144,336,1,W,204
145,222,1,W,208
146,305,1,W,206
147,218,1,W,206
148,201,1,W,206
149,352,1,W,203
150,237,1,W,202
151,359,1,W,217
152,150,1,W,215
153,283,1,W,NA
154,11,1,W,210
155,88,1,W,204
156,224,1,W,206
157,114,1,W,203
158,3,1,W,213
159,81,1,W,201
160,230,1,W,210
161,382,1,W,214
162,19,1,W,217
163,118,1,W,214
164,299,1,W,205
165,126,1,W,188
166,21,1,W,205
167,26,1,W,206
168,324,1,W,207
169,247,1,W,206
170,265,1,W,209
171,125,1,W,214
172,221,1,W,213
173,107,1,W,201
174,372,1,W,210
175,268,1,W,218
176,281,1,W,210
177,144,1,W,207
178,377,1,W,NA
179,241,1,W,197
180,49,1,W,190
181,235,1,W,202
182,219,1,W,200
183,329,1,W,200
184,300,1,W,195
185,4,1,W,219
186,65,1,W,190
187,240,1,W,NA
188,253,1,W,203
189,287,1,W,204
190,147,1,W,187
191,7,1,W,219
192,171,1,W,200
193,20,1,W,206
194,55,1,W,217
195,255,1,W,198
196,32,1,W,203
197,14,1,W,209
198,202,1,W,202
199,156,1,W,208
200,267,1,W,204
201,28,1,W,215
202,89,1,W,221
203,358,1,W,206
204,61,1,W,197
205,294,1,W,219
206,254,1,W,210
207,386,1,W,215
208,332,1,W,212
209,331,1,W,202
210,40,1,W,203
211,127,1,W,183
212,100,1,W,202
213,183,1,W,202
214,385,1,W,219
215,243,1,W,219
216,190,1,W,203
217,92,1,W,206
218,94,1,W,208
219,213,1,W,206
220,272,1,W,208
221,367,1,W,196
222,35,1,W,207
223,18,1,W,211
224,312,1,W,197
225,128,1,W,217
226,251,1,W,214
227,95,1,W,206
228,151,1,W,198
229,80,1,W,208
230,275,1,W,213
231,328,1,W,206
232,214,1,W,201
233,260,1,W,208
234,366,1,W,202
235,341,1,W,198
236,293,1,W,NA
237,179,1,W,209
238,51,1,W,194
239,74,1,W,NA
240,24,1,W,202
241,2,1,W,210
242,63,1,W,209
243,373,1,W,219
244,348,1,W,209
245,185,1,W,196
246,46,1,W,207
247,249,1,W,204
248,356,1,W,201
249,198,1,W,NA
250,364,1,W,200
251,321,1,W,203
252,234,1,W,197
253,166,1,W,206
254,116,1,W,193
255,257,1,W,216
256,282,1,W,204
257,167,1,W,NA
258,378,1,W,211
259,252,1,W,212
260,158,1,W,208
261,60,1,W,207
262,327,1,W,199
263,365,1,W,NA
264,145,1,W,187
265,310,1,W,222
266,192,1,W,189
267,311,1,W,210
268,244,1,W,203
269,345,1,W,NA
270,105,1,W,209
271,346,1,W,218
272,90,1,W,203
273,188,1,W,199
274,8,1,W,215
275,181,1,W,219
276,97,1,W,209
277,297,1,W,200
278,37,1,W,208
279,148,1,W,197
280,379,1,W,207
281,161,1,W,NA
282,50,1,W,197
283,187,1,W,215
284,85,1,W,200
285,277,1,W,218
286,69,1,W,216
287,245,1,W,207
288,362,1,W,197
289,182,1,W,200
290,12,1,W,203
291,320,1,W,187
292,160,1,W,216
293,220,1,W,206
294,334,1,W,204
295,133,1,W,181
296,316,1,W,196
297,131,1,W,185
298,229,1,W,200
299,159,1,W,197
300,177,1,W,185
301,197,1,W,203
302,5,1,W,217
303,176,1,W,201
304,351,1,W,209
305,115,1,W,203
306,70,1,W,215
307,284,1,W,211
308,44,1,W,195
309,278,1,W,207
310,146,1,W,193
311,347,1,W,214
312,29,1,W,207
313,288,1,W,209
314,375,1,W,199
315,318,1,W,204
316,330,1,W,202
317,295,1,W,219
318,205,1,W,212
319,112,1,W,198
320,84,1,W,209
321,58,1,W,202
322,154,1,W,207
323,339,1,W,222
324,170,1,W,209
325,307,1,W,201
326,109,1,W,189
327,304,1,W,207
328,242,1,W,207
329,337,1,W,205
330,96,1,W,205
331,101,1,W,210
332,39,1,W,186
333,102,1,W,204
334,250,1,W,207
335,153,1,W,203
336,361,1,W,NA
337,16,1,W,207
338,178,1,W,190
339,354,1,W,191
340,57,1,W,206
341,15,1,W,211
342,75,1,W,216
343,238,1,W,187
344,73,1,W,209
345,41,1,W,209
346,363,1,W,217
347,279,1,W,198
348,172,1,W,200
349,122,1,W,184
350,308,1,W,192
351,210,1,W,182
352,64,1,W,188
353,315,1,W,196
354,368,1,W,204
355,48,1,W,209
356,338,1,W,199
357,212,1,W,187
358,371,1,W,200
359,343,1,W,190
360,204,1,W,202
361,124,1,W,192
362,130,1,W,183
363,256,1,W,182
364,78,1,W,215
365,195,1,W,204
366,263,1,W,199
367,62,1,W,197
368,163,1,W,216
369,67,1,W,208
370,326,1,W,205
371,104,1,W,213
372,194,1,W,206
373,231,1,W,201
374,259,1,W,NA
375,203,1,W,199
376,380,1,W,205
377,33,1,W,214
378,349,1,W,207
379,155,1,W,198
380,285,1,W,207
381,141,1,W,199
382,71,1,W,215
383,111,1,W,214
384,1,1,W,204
385,303,1,W,206
386,53,2,W,185
387,60,2,W,208
388,200,2,W,206
389,285,2,W,214
390,46,2,W,200
391,77,2,W,214
392,256,2,W,191
393,361,2,W,204
394,322,2,W,205
395,352,2,W,204
396,222,2,W,205
397,204,2,W,189
398,346,2,W,195
399,145,2,W,189
400,381,2,W,216
401,142,2,W,185
402,177,2,W,198
403,163,2,W,200
404,143,2,W,182
405,354,2,W,200
406,297,2,W,205
407,54,2,W,203
408,68,2,W,212
409,221,2,W,182
410,338,2,W,183
411,330,2,W,198
412,369,2,W,212
413,335,2,W,206
414,188,2,W,193
415,30,2,W,217
416,371,2,W,208
417,212,2,W,204
418,28,2,W,204
419,357,2,W,209
420,266,2,W,207
421,91,2,W,189
422,78,2,W,190
423,136,2,W,197
424,17,2,W,199
425,169,2,W,203
426,135,2,W,208
427,218,2,W,188
428,382,2,W,207
429,64,2,W,190
430,110,2,W,192
431,385,2,W,NA
432,98,2,W,213
433,226,2,W,205
434,284,2,W,204
435,268,2,W,206
436,5,2,W,219
437,102,2,W,202
438,320,2,W,195
439,347,2,W,210
440,288,2,W,208
441,171,2,W,195
442,25,2,W,192
443,155,2,W,192
444,42,2,W,201
445,33,2,W,201
446,215,2,W,193
447,10,2,W,198
448,294,2,W,206
449,250,2,W,214
450,146,2,W,188
451,21,2,W,213
452,23,2,W,202
453,84,2,W,203
454,113,2,W,206
455,147,2,W,209
456,308,2,W,204
457,384,2,W,203
458,83,2,W,207
459,258,2,W,207
460,67,2,W,195
461,270,2,W,219
462,99,2,W,194
463,63,2,W,191
464,29,2,W,185
465,368,2,W,211
466,65,2,W,212
467,312,2,W,198
468,18,2,W,203
469,129,2,W,187
470,254,2,W,202
471,97,2,W,190
472,197,2,W,217
473,203,2,W,185
474,253,2,W,205
475,118,2,W,200
476,157,2,W,189
477,350,2,W,198
478,383,2,W,207
479,259,2,W,213
480,337,2,W,204
481,119,2,W,199
482,9,2,W,216
483,276,2,W,199
484,262,2,W,209
485,310,2,W,207
486,107,2,W,207
487,353,2,W,198
488,74,2,W,208
489,375,2,W,198
490,291,2,W,188
491,57,2,W,206
492,232,2,W,206
493,306,2,W,200
494,277,2,W,215
495,340,2,W,206
496,295,2,W,205
497,55,2,W,196
498,13,2,W,197
499,114,2,W,189
500,323,2,W,212
501,267,2,W,204
502,220,2,W,190
503,127,2,W,187
504,93,2,W,194
505,367,2,W,192
506,14,2,W,211
507,224,2,W,200
508,124,2,W,188
509,184,2,W,208
510,207,2,W,202
511,22,2,W,196
512,324,2,W,203
513,279,2,W,204
514,8,2,W,211
515,290,2,W,197
516,225,2,W,205
517,151,2,W,189
518,76,2,W,202
519,386,2,W,204
520,173,2,W,215
521,79,2,W,207
522,331,2,W,182
523,131,2,W,180
524,187,2,W,197
525,59,2,W,NA
526,327,2,W,198
527,348,2,W,193
528,233,2,W,200
529,356,2,W,203
530,319,2,W,211
531,309,2,W,196
532,134,2,W,198
533,87,2,W,201
534,100,2,W,199
535,229,2,W,207
536,116,2,W,188
537,43,2,W,198
538,120,2,W,203
539,198,2,W,202
540,16,2,W,201
541,236,2,W,208
542,168,2,W,218
543,37,2,W,198
544,109,2,W,199
545,193,2,W,196
546,358,2,W,213
547,52,2,W,211
548,205,2,W,190
549,299,2,W,207
550,252,2,W,195
551,304,2,W,218
552,244,2,W,198
553,216,2,W,206
554,214,2,W,195
555,364,2,W,207
556,363,2,W,210
557,174,2,W,200
558,345,2,W,NA
559,271,2,W,206
560,329,2,W,200
561,201,2,W,187
562,257,2,W,206
563,49,2,W,210
564,246,2,W,205
565,181,2,W,184
566,73,2,W,201
567,7,2,W,203
568,61,2,W,203
569,185,2,W,198
570,217,2,W,219
571,180,2,W,202
572,208,2,W,191
573,164,2,W,199
574,144,2,W,193
575,4,2,W,212
576,210,2,W,194
577,38,2,W,199
578,81,2,W,197
579,133,2,W,183
580,234,2,W,199
581,152,2,W,198
582,132,2,W,189
583,379,2,W,212
584,27,2,W,198
585,41,2,W,195
586,165,2,W,200
587,296,2,W,206
588,325,2,W,198
589,137,2,W,190
590,376,2,W,206
591,293,2,W,NA
592,62,2,W,193
593,66,2,W,196
594,176,2,W,209
595,12,2,W,212
596,125,2,W,207
597,360,2,W,185
598,283,2,W,207
599,305,2,W,197
600,336,2,W,193
601,248,2,W,209
602,90,2,W,206
603,34,2,W,208
604,240,2,W,198
605,282,2,W,204
606,121,2,W,200
607,260,2,W,214
608,88,2,W,198
609,82,2,W,201
610,128,2,W,183
611,166,2,W,213
612,289,2,W,220
613,159,2,W,207
614,334,2,W,205
615,140,2,W,201
616,85,2,W,199
617,126,2,W,181
618,199,2,W,205
619,35,2,W,208
620,153,2,W,192
621,261,2,W,201
622,286,2,W,206
623,235,2,W,202
624,316,2,W,209
625,342,2,W,216
626,300,2,W,208
627,50,2,W,197
628,227,2,W,220
629,154,2,W,204
630,75,2,W,202
631,161,2,W,211
632,349,2,W,209
633,230,2,W,209
634,272,2,W,209
635,96,2,W,201
636,333,2,W,195
637,341,2,W,208
638,196,2,W,185
639,318,2,W,214
640,269,2,W,217
641,241,2,W,200
642,344,2,W,195
643,123,2,W,189
644,287,2,W,204
645,15,2,W,206
646,45,2,W,202
647,332,2,W,216
648,40,2,W,209
649,44,2,W,182
650,122,2,W,214
651,105,2,W,207
652,104,2,W,201
653,298,2,W,197
654,377,2,W,205
655,228,2,W,199
656,292,2,W,208
657,19,2,W,208
658,20,2,W,205
659,321,2,W,210
660,247,2,W,200
661,156,2,W,193
662,219,2,W,198
663,6,2,W,207
664,278,2,W,209
665,24,2,W,196
666,117,2,W,206
667,195,2,W,207
668,245,2,W,198
669,150,2,W,192
670,86,2,W,203
671,111,2,W,195
672,328,2,W,203
673,315,2,W,204
674,311,2,W,209
675,189,2,W,195
676,202,2,W,211
677,239,2,W,201
678,190,2,W,188
679,178,2,W,193
680,172,2,W,197
681,94,2,W,194
682,192,2,W,207
683,95,2,W,209
684,170,2,W,205
685,72,2,W,198
686,47,2,W,187
687,167,2,W,210
688,281,2,W,204
689,303,2,W,196
690,326,2,W,204
691,339,2,W,187
692,71,2,W,207
693,70,2,W,207
694,175,2,W,200
695,149,2,W,190
696,32,2,W,211
697,56,2,W,213
698,365,2,W,221
699,31,2,W,202
700,39,2,W,187
701,302,2,W,207
702,264,2,W,219
703,373,2,W,206
704,263,2,W,219
705,182,2,W,204
706,317,2,W,197
707,370,2,W,217
708,158,2,W,207
709,359,2,W,217
710,243,2,W,202
711,314,2,W,205
712,223,2,W,NA
713,313,2,W,204
714,139,2,W,185
715,372,2,W,209
716,237,2,W,199
717,380,2,W,207
718,162,2,W,193
719,251,2,W,209
720,3,2,W,207
721,355,2,W,206
722,80,2,W,204
723,273,2,W,195
724,1,2,W,198
725,211,2,W,200
726,179,2,W,215
727,183,2,W,212
728,378,2,W,210
729,48,2,W,205
730,242,2,W,198
731,51,2,W,200
732,351,2,W,210
733,89,2,W,209
734,374,2,W,213
735,112,2,W,193
736,186,2,W,200
737,249,2,W,214
738,206,2,W,206
739,366,2,W,207
740,265,2,W,NA
741,194,2,W,200
742,92,2,W,183
743,238,2,W,184
744,362,2,W,211
745,58,2,W,196
746,108,2,W,215
747,106,2,W,190
748,307,2,W,205
749,255,2,W,204
750,69,2,W,207
751,160,2,W,201
752,2,2,W,212
753,275,2,W,211
754,130,2,W,186
755,115,2,W,209
756,274,2,W,219
757,209,2,W,198
758,141,2,W,199
759,213,2,W,201
760,101,2,W,219
761,36,2,W,198
762,138,2,W,185
763,280,2,W,211
764,343,2,W,193
765,11,2,W,205
766,231,2,W,197
767,103,2,W,197
768,26,2,W,196
769,191,2,W,197
770,148,2,W,206
771,175,1,D,206
772,150,1,D,185
773,132,1,D,206
774,117,1,D,209
775,134,1,D,200
776,35,1,D,NA
777,25,1,D,194
778,114,1,D,202
779,57,1,D,202
780,185,1,D,192
781,212,1,D,206
782,191,1,D,197
783,7,1,D,205
784,183,1,D,213
785,215,1,D,192
786,26,1,D,198
787,90,1,D,207
788,386,1,D,NA
789,130,1,D,196
790,317,1,D,201
791,50,1,D,201
792,342,1,D,200
793,81,1,D,193
794,348,1,D,189
795,239,1,D,212
796,324,1,D,203
797,329,1,D,195
798,60,1,D,187
799,66,1,D,NA
800,77,1,D,200
801,286,1,D,192
802,9,1,D,NA
803,354,1,D,195
804,68,1,D,206
805,222,1,D,204
806,346,1,D,207
807,58,1,D,202
808,131,1,D,185
809,221,1,D,204
810,13,1,D,190
811,347,1,D,193
812,366,1,D,192
813,76,1,D,189
814,359,1,D,203
815,246,1,D,192
816,318,1,D,199
817,369,1,D,203
818,345,1,D,186
819,121,1,D,182
820,33,1,D,192
821,120,1,D,187
822,87,1,D,192
823,200,1,D,204
824,53,1,D,196
825,284,1,D,199
826,142,1,D,182
827,106,1,D,196
828,85,1,D,197
829,344,1,D,183
830,64,1,D,203
831,162,1,D,191
832,146,1,D,204
833,110,1,D,185
834,368,1,D,202
835,59,1,D,188
836,291,1,D,198
837,47,1,D,193
838,41,1,D,209
839,133,1,D,180
840,48,1,D,196
841,170,1,D,197
842,141,1,D,185
843,277,1,D,207
844,281,1,D,203
845,225,1,D,199
846,219,1,D,198
847,39,1,D,204
848,210,1,D,191
849,12,1,D,191
850,295,1,D,200
851,24,1,D,198
852,234,1,D,195
853,209,1,D,196
854,144,1,D,197
855,172,1,D,204
856,5,1,D,NA
857,206,1,D,191
858,290,1,D,197
859,361,1,D,203
860,17,1,D,185
861,262,1,D,196
862,288,1,D,202
863,223,1,D,205
864,19,1,D,199
865,161,1,D,189
866,380,1,D,205
867,52,1,D,201
868,15,1,D,205
869,259,1,D,198
870,360,1,D,205
871,94,1,D,198
872,156,1,D,193
873,122,1,D,205
874,69,1,D,205
875,3,1,D,200
876,199,1,D,207
877,251,1,D,203
878,164,1,D,199
879,250,1,D,201
880,157,1,D,205
881,4,1,D,209
882,125,1,D,205
883,180,1,D,205
884,334,1,D,190
885,306,1,D,198
886,332,1,D,NA
887,137,1,D,196
888,126,1,D,189
889,244,1,D,199
890,193,1,D,192
891,352,1,D,205
892,308,1,D,193
893,249,1,D,193
894,178,1,D,198
895,278,1,D,NA
896,353,1,D,208
897,273,1,D,202
898,343,1,D,202
899,38,1,D,195
900,149,1,D,211
901,21,1,D,193
902,307,1,D,187
903,190,1,D,202
904,99,1,D,NA
905,43,1,D,199
906,169,1,D,189
907,189,1,D,187
908,243,1,D,208
909,89,1,D,199
910,1,1,D,202
911,309,1,D,192
912,229,1,D,204
913,40,1,D,199
914,376,1,D,187
915,158,1,D,203
916,272,1,D,198
917,226,1,D,206
918,23,1,D,197
919,22,1,D,199
920,70,1,D,198
921,362,1,D,196
922,103,1,D,199
923,159,1,D,199
924,138,1,D,186
925,102,1,D,201
926,381,1,D,193
927,97,1,D,187
928,267,1,D,207
929,108,1,D,205
930,167,1,D,200
931,107,1,D,188
932,269,1,D,199
933,287,1,D,NA
934,220,1,D,197
935,274,1,D,192
936,374,1,D,208
937,255,1,D,198
938,154,1,D,200
939,46,1,D,193
940,315,1,D,197
941,168,1,D,198
942,32,1,D,190
943,67,1,D,207
944,82,1,D,201
945,143,1,D,183
946,31,1,D,193
947,195,1,D,194
948,323,1,D,196
949,270,1,D,204
950,382,1,D,196
951,338,1,D,197
952,28,1,D,207
953,379,1,D,204
954,322,1,D,200
955,266,1,D,204
956,330,1,D,196
957,80,1,D,206
958,37,1,D,197
959,224,1,D,206
960,319,1,D,195
961,232,1,D,199
962,182,1,D,202
963,11,1,D,206
964,294,1,D,210
965,233,1,D,203
966,261,1,D,208
967,292,1,D,203
968,55,1,D,198
969,293,1,D,NA
970,328,1,D,198
971,320,1,D,198
972,203,1,D,199
973,165,1,D,193
974,240,1,D,NA
975,256,1,D,196
976,160,1,D,195
977,198,1,D,193
978,181,1,D,196
979,304,1,D,NA
980,135,1,D,212
981,54,1,D,NA
982,36,1,D,204
983,213,1,D,208
984,365,1,D,199
985,116,1,D,191
986,280,1,D,200
987,91,1,D,199
988,20,1,D,197
989,179,1,D,206
990,79,1,D,211
991,123,1,D,185
992,254,1,D,NA
993,271,1,D,195
994,115,1,D,NA
995,61,1,D,204
996,252,1,D,202
997,204,1,D,201
998,228,1,D,202
999,237,1,D,202
1000,74,1,D,194
1001,331,1,D,206
1002,16,1,D,205
1003,2,1,D,NA
1004,238,1,D,192
1005,113,1,D,204
1006,340,1,D,193
1007,230,1,D,208
1008,314,1,D,195
1009,326,1,D,201
1010,253,1,D,204
1011,176,1,D,NA
1012,174,1,D,205
1013,358,1,D,207
1014,86,1,D,202
1015,14,1,D,NA
1016,279,1,D,209
1017,299,1,D,202
1018,152,1,D,NA
1019,187,1,D,202
1020,93,1,D,192
1021,296,1,D,193
1022,98,1,D,207
1023,34,1,D,198
1024,316,1,D,207
1025,313,1,D,191
1026,18,1,D,208
1027,297,1,D,200
1028,372,1,D,205
1029,336,1,D,203
1030,124,1,D,183
1031,364,1,D,211
1032,264,1,D,211
1033,65,1,D,192
1034,377,1,D,192
1035,112,1,D,212
1036,350,1,D,198
1037,56,1,D,193
1038,257,1,D,202
1039,205,1,D,201
1040,139,1,D,186
1041,44,1,D,190
1042,302,1,D,208
1043,383,1,D,193
1044,339,1,D,187
1045,100,1,D,191
1046,305,1,D,197
1047,241,1,D,200
1048,214,1,D,191
1049,173,1,D,203
1050,101,1,D,187
1051,211,1,D,183
1052,145,1,D,189
1053,111,1,D,186
1054,298,1,D,189
1055,371,1,D,199
1056,333,1,D,201
1057,186,1,D,206
1058,216,1,D,188
1059,275,1,D,210
1060,282,1,D,200
1061,260,1,D,200
1062,148,1,D,205
1063,10,1,D,208
1064,265,1,D,205
1065,119,1,D,187
1066,27,1,D,197
1067,208,1,D,203
1068,341,1,D,189
1069,196,1,D,194
1070,78,1,D,188
1071,75,1,D,196
1072,276,1,D,208
1073,147,1,D,186
1074,96,1,D,199
1075,227,1,D,200
1076,188,1,D,207
1077,104,1,D,192
1078,289,1,D,183
1079,355,1,D,188
1080,109,1,D,201
1081,42,1,D,198
1082,155,1,D,206
1083,247,1,D,189
1084,6,1,D,198
1085,310,1,D,203
1086,192,1,D,193
1087,363,1,D,197
1088,92,1,D,193
1089,127,1,D,193
1090,84,1,D,204
1091,268,1,D,209
1092,184,1,D,205
1093,171,1,D,186
1094,300,1,D,205
1095,30,1,D,207
1096,45,1,D,197
1097,312,1,D,194
1098,335,1,D,197
1099,83,1,D,199
1100,258,1,D,194
1101,8,1,D,NA
1102,327,1,D,204
1103,263,1,D,207
1104,49,1,D,196
1105,248,1,D,210
1106,140,1,D,183
1107,105,1,D,211
1108,177,1,D,205
1109,375,1,D,200
1110,385,1,D,212
1111,136,1,D,183
1112,197,1,D,188
1113,351,1,D,183
1114,88,1,D,195
1115,311,1,D,197
1116,373,1,D,193
1117,245,1,D,203
1118,73,1,D,208
1119,378,1,D,209
1120,235,1,D,208
1121,285,1,D,202
1122,194,1,D,205
1123,207,1,D,190
1124,201,1,D,187
1125,29,1,D,207
1126,128,1,D,187
1127,242,1,D,198
1128,153,1,D,200
1129,357,1,D,192
1130,303,1,D,210
1131,370,1,D,212
1132,95,1,D,207
1133,151,1,D,NA
1134,367,1,D,189
1135,72,1,D,189
1136,236,1,D,200
1137,71,1,D,203
1138,129,1,D,201
1139,356,1,D,202
1140,231,1,D,NA
1141,62,1,D,199
1142,166,1,D,205
1143,217,1,D,190
1144,218,1,D,205
1145,63,1,D,201
1146,51,1,D,202
1147,349,1,D,207
1148,118,1,D,199
1149,321,1,D,210
1150,384,1,D,202
1151,337,1,D,187
1152,325,1,D,198
1153,163,1,D,204
1154,202,1,D,196
1155,283,1,D,211
1156,79,2,D,193
1157,381,2,D,197
1158,9,2,D,NA
1159,375,2,D,201
1160,266,2,D,211
1161,371,2,D,194
1162,128,2,D,198
1163,380,2,D,203
1164,172,2,D,196
1165,10,2,D,200
1166,264,2,D,210
1167,162,2,D,199
1168,240,2,D,NA
1169,167,2,D,199
1170,246,2,D,198
1171,303,2,D,196
1172,327,2,D,196
1173,135,2,D,191
1174,127,2,D,190
1175,40,2,D,206
1176,329,2,D,187
1177,260,2,D,201
1178,138,2,D,183
1179,368,2,D,194
1180,60,2,D,193
1181,165,2,D,195
1182,43,2,D,204
1183,206,2,D,200
1184,141,2,D,198
1185,28,2,D,NA
1186,188,2,D,203
1187,335,2,D,194
1188,244,2,D,202
1189,180,2,D,200
1190,281,2,D,NA
1191,126,2,D,184
1192,278,2,D,202
1193,91,2,D,NA
1194,306,2,D,205
1195,84,2,D,NA
1196,300,2,D,191
1197,273,2,D,210
1198,134,2,D,197
1199,218,2,D,208
1200,82,2,D,211
1201,145,2,D,198
1202,58,2,D,203
1203,57,2,D,NA
1204,4,2,D,209
1205,119,2,D,210
1206,12,2,D,205
1207,38,2,D,200
1208,296,2,D,NA
1209,147,2,D,189
1210,209,2,D,199
1211,192,2,D,200
1212,87,2,D,206
1213,214,2,D,191
1214,136,2,D,182
1215,89,2,D,197
1216,121,2,D,200
1217,118,2,D,191
1218,187,2,D,210
1219,17,2,D,200
1220,52,2,D,193
1221,310,2,D,NA
1222,263,2,D,NA
1223,166,2,D,212
1224,189,2,D,190
1225,94,2,D,NA
1226,74,2,D,206
1227,315,2,D,207
1228,14,2,D,200
1229,146,2,D,188
1230,46,2,D,207
1231,151,2,D,212
1232,314,2,D,209
1233,334,2,D,190
1234,353,2,D,190
1235,232,2,D,185
1236,285,2,D,186
1237,113,2,D,205
1238,153,2,D,184
1239,217,2,D,198
1240,83,2,D,201
1241,383,2,D,202
1242,238,2,D,183
1243,366,2,D,201
1244,282,2,D,199
1245,360,2,D,198
1246,97,2,D,194
1247,212,2,D,189
1248,332,2,D,201
1249,68,2,D,207
1250,376,2,D,192
1251,163,2,D,197
1252,161,2,D,199
1253,66,2,D,197
1254,304,2,D,208
1255,5,2,D,NA
1256,106,2,D,189
1257,55,2,D,189
1258,170,2,D,189
1259,386,2,D,210
1260,295,2,D,202
1261,29,2,D,203
1262,67,2,D,210
1263,20,2,D,195
1264,254,2,D,198
1265,72,2,D,189
1266,200,2,D,206
1267,195,2,D,196
1268,247,2,D,200
1269,346,2,D,203
1270,164,2,D,200
1271,322,2,D,206
1272,354,2,D,203
1273,339,2,D,204
1274,7,2,D,204
1275,160,2,D,192
1276,363,2,D,NA
1277,85,2,D,193
1278,225,2,D,200
1279,337,2,D,208
1280,185,2,D,213
1281,22,2,D,199
1282,382,2,D,196
1283,325,2,D,197
1284,150,2,D,200
1285,347,2,D,191
1286,140,2,D,181
1287,348,2,D,189
1288,258,2,D,210
1289,35,2,D,204
1290,131,2,D,187
1291,114,2,D,203
1292,182,2,D,191
1293,110,2,D,186
1294,81,2,D,191
1295,333,2,D,196
1296,313,2,D,199
1297,279,2,D,NA
1298,286,2,D,NA
1299,176,2,D,193
1300,75,2,D,193
1301,205,2,D,202
1302,123,2,D,186
1303,288,2,D,205
1304,21,2,D,193
1305,34,2,D,205
1306,344,2,D,184
1307,76,2,D,191
1308,124,2,D,185
1309,16,2,D,NA
1310,349,2,D,188
1311,143,2,D,186
1312,73,2,D,194
1313,47,2,D,184
1314,328,2,D,206
1315,39,2,D,199
1316,226,2,D,201
1317,351,2,D,202
1318,269,2,D,211
1319,2,2,D,198
1320,191,2,D,193
1321,309,2,D,186
1322,183,2,D,197
1323,130,2,D,191
1324,133,2,D,210
1325,117,2,D,187
1326,184,2,D,202
1327,95,2,D,189
1328,364,2,D,207
1329,213,2,D,201
1330,372,2,D,199
1331,50,2,D,NA
1332,237,2,D,200
1333,41,2,D,204
1334,54,2,D,NA
1335,312,2,D,205
1336,267,2,D,208
1337,308,2,D,208
1338,319,2,D,191
1339,104,2,D,191
1340,340,2,D,201
1341,228,2,D,208
1342,236,2,D,202
1343,243,2,D,210
1344,8,2,D,NA
1345,53,2,D,200
1346,112,2,D,203
1347,169,2,D,185
1348,177,2,D,197
1349,289,2,D,202
1350,109,2,D,206
1351,299,2,D,196
1352,317,2,D,198
1353,352,2,D,204
1354,207,2,D,200
1355,42,2,D,205
1356,152,2,D,195
1357,33,2,D,202
1358,107,2,D,190
1359,158,2,D,NA
1360,71,2,D,204
1361,19,2,D,195
1362,92,2,D,191
1363,36,2,D,207
1364,261,2,D,200
1365,307,2,D,192
1366,116,2,D,187
1367,227,2,D,203
1368,215,2,D,197
1369,251,2,D,203
1370,90,2,D,204
1371,378,2,D,206
1372,190,2,D,195
1373,168,2,D,208
1374,326,2,D,195
1375,204,2,D,205
1376,122,2,D,197
1377,362,2,D,204
1378,268,2,D,202
1379,235,2,D,201
1380,208,2,D,208
1381,318,2,D,203
1382,216,2,D,198
1383,316,2,D,198
1384,77,2,D,203
1385,248,2,D,202
1386,62,2,D,202
1387,270,2,D,206
1388,239,2,D,204
1389,156,2,D,201
1390,198,2,D,198
1391,86,2,D,186
1392,37,2,D,200
1393,323,2,D,208
1394,45,2,D,198
1395,96,2,D,205
1396,186,2,D,193
1397,144,2,D,186
1398,358,2,D,208
1399,377,2,D,201
1400,294,2,D,205
1401,280,2,D,NA
1402,61,2,D,205
1403,356,2,D,200
1404,13,2,D,204
1405,115,2,D,NA
1406,284,2,D,198
1407,361,2,D,198
1408,223,2,D,206
1409,233,2,D,198
1410,48,2,D,208
1411,297,2,D,202
1412,1,2,D,NA
1413,154,2,D,195
1414,305,2,D,201
1415,385,2,D,NA
1416,24,2,D,210
1417,88,2,D,197
1418,224,2,D,207
1419,331,2,D,NA
1420,359,2,D,201
1421,129,2,D,191
1422,108,2,D,198
1423,64,2,D,213
1424,320,2,D,207
1425,197,2,D,197
1426,259,2,D,208
1427,338,2,D,200
1428,298,2,D,199
1429,32,2,D,208
1430,30,2,D,191
1431,31,2,D,182
1432,250,2,D,205
1433,343,2,D,185
1434,357,2,D,202
1435,221,2,D,198
1436,257,2,D,213
1437,265,2,D,211
1438,98,2,D,201
1439,78,2,D,210
1440,173,2,D,207
1441,336,2,D,186
1442,330,2,D,195
1443,175,2,D,203
1444,23,2,D,198
1445,370,2,D,189
1446,365,2,D,208
1447,272,2,D,195
1448,137,2,D,187
1449,379,2,D,NA
1450,287,2,D,212
1451,63,2,D,190
1452,355,2,D,193
1453,219,2,D,205
1454,69,2,D,200
1455,18,2,D,208
1456,56,2,D,207
1457,211,2,D,190
1458,373,2,D,203
1459,222,2,D,202
1460,290,2,D,204
1461,193,2,D,205
1462,142,2,D,194
1463,274,2,D,197
1464,93,2,D,210
1465,70,2,D,206
1466,65,2,D,200
1467,178,2,D,186
1468,242,2,D,209
1469,155,2,D,205
1470,374,2,D,203
1471,111,2,D,194
1472,103,2,D,195
1473,249,2,D,207
1474,277,2,D,208
1475,171,2,D,189
1476,241,2,D,NA
1477,194,2,D,195
1478,6,2,D,NA
1479,291,2,D,NA
1480,49,2,D,191
1481,132,2,D,191
1482,341,2,D,203
1483,99,2,D,204
1484,149,2,D,199
1485,44,2,D,193
1486,231,2,D,199
1487,311,2,D,195
1488,148,2,D,NA
1489,220,2,D,201
1490,101,2,D,211
1491,255,2,D,197
1492,293,2,D,NA
1493,196,2,D,204
1494,199,2,D,206
1495,369,2,D,187
1496,100,2,D,197
1497,15,2,D,NA
1498,345,2,D,NA
1499,275,2,D,205
1500,80,2,D,NA
1501,350,2,D,NA
1502,125,2,D,196
1503,59,2,D,189
1504,102,2,D,205
1505,25,2,D,198
1506,302,2,D,200
1507,51,2,D,191
1508,245,2,D,211
1509,210,2,D,199
1510,3,2,D,NA
1511,181,2,D,201
1512,203,2,D,197
1513,139,2,D,201
1514,234,2,D,192
1515,367,2,D,214
1516,324,2,D,203
1517,174,2,D,197
1518,120,2,D,207
1519,26,2,D,198
1520,252,2,D,205
1521,256,2,D,203
1522,179,2,D,212
1523,201,2,D,194
1524,321,2,D,193
1525,11,2,D,205
1526,105,2,D,211
1527,230,2,D,199
1528,157,2,D,201
1529,159,2,D,207
1530,292,2,D,208
1531,229,2,D,193
1532,27,2,D,204
1533,283,2,D,NA
1534,342,2,D,191
1535,384,2,D,193
1536,271,2,D,193
1537,262,2,D,207
1538,202,2,D,205
1539,253,2,D,199
1540,276,2,D,200
1541,362,3,W,NA
1542,274,3,W,223
1543,146,3,W,182
1544,154,3,W,189
1545,326,3,W,191
1546,53,3,W,193
1547,266,3,W,188
1548,105,3,W,193
1549,353,3,W,195
1550,120,3,W,189
1551,35,3,W,199
1552,87,3,W,218
1553,62,3,W,188
1554,80,3,W,206
1555,259,3,W,216
1556,192,3,W,215
1557,189,3,W,186
1558,196,3,W,191
1559,241,3,W,191
1560,117,3,W,186
1561,193,3,W,203
1562,51,3,W,199
1563,22,3,W,193
1564,231,3,W,196
1565,165,3,W,205
1566,97,3,W,202
1567,254,3,W,189
1568,144,3,W,189
1569,152,3,W,204
1570,285,3,W,196
1571,339,3,W,196
1572,341,3,W,199
1573,295,3,W,215
1574,364,3,W,206
1575,294,3,W,194
1576,371,3,W,205
1577,43,3,W,186
1578,151,3,W,190
1579,153,3,W,190
1580,379,3,W,208
1581,292,3,W,200
1582,384,3,W,197
1583,162,3,W,188
1584,168,3,W,211
1585,167,3,W,203
1586,20,3,W,198
1587,92,3,W,193
1588,203,3,W,195
1589,138,3,W,186
1590,149,3,W,207
1591,223,3,W,200
1592,230,3,W,200
1593,94,3,W,201
1594,132,3,W,186
1595,337,3,W,214
1596,81,3,W,198
1597,298,3,W,201
1598,356,3,W,213
1599,104,3,W,212
1600,119,3,W,184
1601,297,3,W,NA
1602,246,3,W,195
1603,212,3,W,207
1604,113,3,W,194
1605,139,3,W,211
1606,347,3,W,197
1607,375,3,W,208
1608,377,3,W,207
1609,323,3,W,208
1610,228,3,W,191
1611,224,3,W,202
1612,232,3,W,189
1613,293,3,W,NA
1614,82,3,W,189
1615,329,3,W,194
1616,85,3,W,196
1617,300,3,W,190
1618,2,3,W,198
1619,3,3,W,205
1620,319,3,W,NA
1621,374,3,W,212
1622,244,3,W,199
1623,56,3,W,202
1624,130,3,W,189
1625,163,3,W,211
1626,10,3,W,201
1627,124,3,W,184
1628,340,3,W,191
1629,106,3,W,191
1630,41,3,W,190
1631,126,3,W,211
1632,198,3,W,187
1633,363,3,W,211
1634,76,3,W,200
1635,131,3,W,206
1636,287,3,W,NA
1637,361,3,W,199
1638,33,3,W,194
1639,164,3,W,205
1640,310,3,W,205
1641,134,3,W,188
1642,217,3,W,205
1643,65,3,W,187
1644,272,3,W,201
1645,141,3,W,186
1646,135,3,W,183
1647,332,3,W,201
1648,207,3,W,187
1649,128,3,W,182
1650,69,3,W,192
1651,284,3,W,193
1652,11,3,W,201
1653,201,3,W,192
1654,5,3,W,195
1655,348,3,W,203
1656,240,3,W,219
1657,335,3,W,221
1658,184,3,W,202
1659,161,3,W,186
1660,267,3,W,204
1661,229,3,W,209
1662,136,3,W,193
1663,282,3,W,193
1664,354,3,W,203
1665,242,3,W,195
1666,93,3,W,187
1667,215,3,W,188
1668,252,3,W,193
1669,129,3,W,181
1670,118,3,W,200
1671,190,3,W,193
1672,72,3,W,182
1673,360,3,W,209
1674,180,3,W,193
1675,160,3,W,194
1676,236,3,W,191
1677,320,3,W,185
1678,31,3,W,186
1679,175,3,W,187
1680,344,3,W,208
1681,174,3,W,185
1682,16,3,W,196
1683,271,3,W,202
1684,158,3,W,196
1685,127,3,W,183
1686,34,3,W,193
1687,352,3,W,221
1688,318,3,W,207
1689,32,3,W,197
1690,359,3,W,204
1691,145,3,W,185
1692,194,3,W,187
1693,261,3,W,202
1694,111,3,W,190
1695,38,3,W,192
1696,70,3,W,198
1697,311,3,W,198
1698,123,3,W,181
1699,288,3,W,197
1700,17,3,W,190
1701,380,3,W,201
1702,143,3,W,183
1703,225,3,W,195
1704,270,3,W,205
1705,18,3,W,197
1706,78,3,W,195
1707,172,3,W,205
1708,137,3,W,183
1709,197,3,W,187
1710,370,3,W,208
1711,321,3,W,202
1712,64,3,W,201
1713,42,3,W,195
1714,133,3,W,184
1715,45,3,W,193
1716,299,3,W,185
1717,278,3,W,196
1718,159,3,W,202
1719,238,3,W,184
1720,4,3,W,198
1721,314,3,W,208
1722,349,3,W,206
1723,264,3,W,206
1724,208,3,W,191
1725,256,3,W,NA
1726,101,3,W,NA
1727,155,3,W,187
1728,247,3,W,217
1729,273,3,W,189
1730,226,3,W,203
1731,110,3,W,195
1732,8,3,W,206
1733,200,3,W,185
1734,28,3,W,194
1735,255,3,W,217
1736,115,3,W,184
1737,214,3,W,190
1738,121,3,W,184
1739,71,3,W,197
1740,283,3,W,213
1741,277,3,W,NA
1742,102,3,W,221
1743,211,3,W,189
1744,79,3,W,209
1745,36,3,W,190
1746,253,3,W,199
1747,68,3,W,198
1748,98,3,W,185
1749,75,3,W,202
1750,251,3,W,205
1751,30,3,W,202
1752,46,3,W,190
1753,263,3,W,208
1754,289,3,W,214
1755,178,3,W,192
1756,84,3,W,193
1757,258,3,W,207
1758,245,3,W,199
1759,77,3,W,192
1760,313,3,W,206
1761,58,3,W,191
1762,221,3,W,215
1763,218,3,W,213
1764,147,3,W,185
1765,243,3,W,196
1766,187,3,W,211
1767,125,3,W,194
1768,24,3,W,192
1769,7,3,W,208
1770,12,3,W,197
1771,368,3,W,188
1772,304,3,W,205
1773,29,3,W,196
1774,324,3,W,196
1775,89,3,W,205
1776,179,3,W,196
1777,1,3,W,199
1778,171,3,W,189
1779,173,3,W,199
1780,346,3,W,223
1781,59,3,W,189
1782,199,3,W,NA
1783,112,3,W,188
1784,109,3,W,190
1785,83,3,W,195
1786,191,3,W,223
1787,350,3,W,186
1788,333,3,W,200
1789,9,3,W,206
1790,205,3,W,186
1791,116,3,W,185
1792,148,3,W,191
1793,227,3,W,201
1794,74,3,W,189
1795,382,3,W,204
1796,343,3,W,210
1797,122,3,W,194
1798,57,3,W,210
1799,280,3,W,222
1800,103,3,W,197
1801,312,3,W,187
1802,358,3,W,197
1803,342,3,W,188
1804,60,3,W,208
1805,50,3,W,202
1806,140,3,W,182
1807,67,3,W,193
1808,216,3,W,192
1809,108,3,W,193
1810,40,3,W,185
1811,195,3,W,187
1812,6,3,W,204
1813,276,3,W,197
1814,96,3,W,198
1815,249,3,W,198
1816,234,3,W,195
1817,202,3,W,212
1818,378,3,W,196
1819,91,3,W,206
1820,13,3,W,191
1821,188,3,W,201
1822,23,3,W,197
1823,373,3,W,205
1824,66,3,W,192
1825,26,3,W,189
1826,336,3,W,194
1827,250,3,W,206
1828,73,3,W,195
1829,316,3,W,185
1830,21,3,W,198
1831,376,3,W,194
1832,219,3,W,199
1833,296,3,W,211
1834,290,3,W,198
1835,369,3,W,214
1836,305,3,W,195
1837,86,3,W,208
1838,308,3,W,207
1839,239,3,W,185
1840,355,3,W,203
1841,63,3,W,195
1842,166,3,W,206
1843,317,3,W,193
1844,107,3,W,205
1845,306,3,W,194
1846,39,3,W,205
1847,269,3,W,193
1848,260,3,W,NA
1849,19,3,W,194
1850,27,3,W,188
1851,265,3,W,206
1852,181,3,W,184
1853,248,3,W,204
1854,25,3,W,188
1855,286,3,W,204
1856,156,3,W,189
1857,95,3,W,189
1858,257,3,W,210
1859,330,3,W,191
1860,338,3,W,191
1861,381,3,W,207
1862,100,3,W,206
1863,351,3,W,189
1864,206,3,W,185
1865,52,3,W,195
1866,54,3,W,205
1867,114,3,W,NA
1868,48,3,W,194
1869,262,3,W,220
1870,345,3,W,NA
1871,186,3,W,192
1872,88,3,W,202
1873,322,3,W,197
1874,142,3,W,182
1875,61,3,W,189
1876,157,3,W,193
1877,334,3,W,NA
1878,291,3,W,214
1879,213,3,W,188
1880,177,3,W,195
1881,182,3,W,193
1882,210,3,W,189
1883,169,3,W,189
1884,170,3,W,197
1885,183,3,W,190
1886,372,3,W,203
1887,275,3,W,200
1888,307,3,W,184
1889,222,3,W,197
1890,220,3,W,194
1891,327,3,W,206
1892,303,3,W,NA
1893,204,3,W,199
1894,55,3,W,200
1895,315,3,W,195
1896,365,3,W,219
1897,385,3,W,NA
1898,44,3,W,184
1899,268,3,W,201
1900,279,3,W,192
1901,386,3,W,NA
1902,281,3,W,211
1903,99,3,W,189
1904,366,3,W,206
1905,233,3,W,190
1906,185,3,W,194
1907,47,3,W,192
1908,15,3,W,197
1909,235,3,W,190
1910,209,3,W,190
1911,367,3,W,200
1912,150,3,W,183
1913,176,3,W,191
1914,328,3,W,202
1915,14,3,W,207
1916,90,3,W,NA
1917,309,3,W,184
1918,49,3,W,186
1919,331,3,W,193
1920,383,3,W,203
1921,237,3,W,196
1922,302,3,W,192
1923,357,3,W,194
1924,37,3,W,185
1925,325,3,W,190
1926,383,4,W,197
1927,148,4,W,197
1928,382,4,W,202
1929,187,4,W,203
1930,81,4,W,192
1931,59,4,W,189
1932,126,4,W,189
1933,252,4,W,205
1934,364,4,W,NA
1935,14,4,W,200
1936,58,4,W,190
1937,121,4,W,183
1938,261,4,W,199
1939,374,4,W,193
1940,300,4,W,208
1941,315,4,W,206
1942,163,4,W,201
1943,7,4,W,197
1944,92,4,W,189
1945,51,4,W,193
1946,362,4,W,200
1947,326,4,W,196
1948,33,4,W,190
1949,181,4,W,213
1950,152,4,W,195
1951,368,4,W,206
1952,298,4,W,193
1953,256,4,W,198
1954,198,4,W,210
1955,132,4,W,189
1956,228,4,W,196
1957,244,4,W,200
1958,167,4,W,NA
1959,263,4,W,210
1960,23,4,W,194
1961,258,4,W,203
1962,10,4,W,188
1963,109,4,W,194
1964,1,4,W,205
1965,328,4,W,205
1966,88,4,W,201
1967,53,4,W,213
1968,86,4,W,196
1969,32,4,W,203
1970,262,4,W,196
1971,226,4,W,209
1972,251,4,W,NA
1973,162,4,W,193
1974,77,4,W,196
1975,247,4,W,196
1976,69,4,W,202
1977,268,4,W,198
1978,222,4,W,201
1979,224,4,W,207
1980,20,4,W,194
1981,186,4,W,189
1982,27,4,W,195
1983,294,4,W,207
1984,12,4,W,187
1985,306,4,W,193
1986,290,4,W,204
1987,122,4,W,187
1988,180,4,W,203
1989,281,4,W,214
1990,131,4,W,206
1991,90,4,W,205
1992,245,4,W,193
1993,384,4,W,184
1994,60,4,W,192
1995,242,4,W,194
1996,265,4,W,209
1997,98,4,W,204
1998,249,4,W,192
1999,358,4,W,212
2000,250,4,W,199
2001,103,4,W,201
2002,236,4,W,201
2003,334,4,W,211
2004,114,4,W,NA
2005,110,4,W,210
2006,379,4,W,203
2007,40,4,W,204
2008,189,4,W,183
2009,94,4,W,198
2010,79,4,W,183
2011,65,4,W,209
2012,330,4,W,197
2013,297,4,W,195
2014,342,4,W,NA
2015,84,4,W,205
2016,6,4,W,203
2017,195,4,W,208
2018,277,4,W,222
2019,307,4,W,198
2020,25,4,W,194
2021,216,4,W,203
2022,149,4,W,206
2023,282,4,W,195
2024,321,4,W,198
2025,363,4,W,209
2026,284,4,W,206
2027,197,4,W,196
2028,380,4,W,192
2029,113,4,W,191
2030,54,4,W,200
2031,385,4,W,206
2032,337,4,W,191
2033,356,4,W,198
2034,177,4,W,203
2035,194,4,W,191
2036,203,4,W,186
2037,354,4,W,191
2038,168,4,W,213
2039,350,4,W,217
2040,36,4,W,189
2041,120,4,W,185
2042,193,4,W,205
2043,30,4,W,204
2044,335,4,W,201
2045,11,4,W,199
2046,212,4,W,193
2047,316,4,W,208
2048,112,4,W,189
2049,296,4,W,215
2050,18,4,W,215
2051,227,4,W,204
2052,99,4,W,219
2053,241,4,W,201
2054,257,4,W,206
2055,213,4,W,188
2056,308,4,W,207
2057,386,4,W,222
2058,325,4,W,219
2059,83,4,W,221
2060,352,4,W,190
2061,231,4,W,205
2062,19,4,W,202
2063,260,4,W,NA
2064,85,4,W,189
2065,349,4,W,212
2066,266,4,W,214
2067,178,4,W,192
2068,156,4,W,192
2069,311,4,W,204
2070,164,4,W,217
2071,97,4,W,203
2072,176,4,W,191
2073,137,4,W,187
2074,38,4,W,189
2075,146,4,W,189
2076,82,4,W,206
2077,191,4,W,190
2078,229,4,W,208
2079,348,4,W,200
2080,17,4,W,193
2081,78,4,W,194
2082,116,4,W,201
2083,9,4,W,213
2084,67,4,W,205
2085,42,4,W,187
2086,329,4,W,200
2087,188,4,W,187
2088,346,4,W,209
2089,327,4,W,191
2090,182,4,W,203
2091,44,4,W,187
2092,134,4,W,186
2093,48,4,W,201
2094,299,4,W,195
2095,209,4,W,203
2096,272,4,W,197
2097,293,4,W,NA
2098,29,4,W,198
2099,64,4,W,191
2100,320,4,W,208
2101,295,4,W,194
2102,378,4,W,194
2103,76,4,W,206
2104,331,4,W,193
2105,28,4,W,191
2106,367,4,W,205
2107,269,4,W,203
2108,278,4,W,203
2109,26,4,W,203
2110,154,4,W,192
2111,179,4,W,189
2112,292,4,W,196
2113,273,4,W,215
2114,237,4,W,199
2115,313,4,W,198
2116,91,4,W,192
2117,147,4,W,187
2118,130,4,W,183
2119,185,4,W,203
2120,365,4,W,199
2121,344,4,W,186
2122,359,4,W,198
2123,357,4,W,209
2124,125,4,W,185
2125,205,4,W,194
2126,183,4,W,203
2127,128,4,W,195
2128,24,4,W,192
2129,43,4,W,186
2130,201,4,W,184
2131,157,4,W,208
2132,160,4,W,203
2133,310,4,W,NA
2134,319,4,W,NA
2135,289,4,W,193
2136,322,4,W,202
2137,165,4,W,196
2138,275,4,W,203
2139,136,4,W,182
2140,39,4,W,192
2141,174,4,W,204
2142,100,4,W,218
2143,127,4,W,179
2144,184,4,W,198
2145,248,4,W,203
2146,80,4,W,208
2147,372,4,W,209
2148,153,4,W,188
2149,304,4,W,191
2150,3,4,W,210
2151,369,4,W,200
2152,270,4,W,200
2153,68,4,W,208
2154,318,4,W,197
2155,207,4,W,199
2156,74,4,W,195
2157,192,4,W,202
2158,288,4,W,205
2159,235,4,W,198
2160,345,4,W,207
2161,87,4,W,204
2162,206,4,W,193
2163,141,4,W,190
2164,375,4,W,204
2165,13,4,W,186
2166,159,4,W,185
2167,34,4,W,192
2168,56,4,W,221
2169,142,4,W,191
2170,317,4,W,196
2171,370,4,W,206
2172,377,4,W,188
2173,135,4,W,185
2174,118,4,W,203
2175,234,4,W,193
2176,133,4,W,182
2177,303,4,W,189
2178,93,4,W,218
2179,21,4,W,198
2180,204,4,W,191
2181,45,4,W,189
2182,57,4,W,205
2183,217,4,W,194
2184,305,4,W,194
2185,283,4,W,203
2186,140,4,W,186
2187,101,4,W,199
2188,221,4,W,204
2189,255,4,W,196
2190,119,4,W,186
2191,219,4,W,200
2192,35,4,W,200
2193,264,4,W,200
2194,123,4,W,192
2195,238,4,W,187
2196,41,4,W,206
2197,66,4,W,197
2198,70,4,W,197
2199,55,4,W,201
2200,2,4,W,206
2201,106,4,W,205
2202,371,4,W,204
2203,355,4,W,210
2204,232,4,W,198
2205,155,4,W,201
2206,196,4,W,187
2207,15,4,W,198
2208,333,4,W,200
2209,108,4,W,194
2210,280,4,W,221
2211,339,4,W,193
2212,218,4,W,212
2213,170,4,W,201
2214,202,4,W,190
2215,75,4,W,212
2216,243,4,W,210
2217,285,4,W,203
2218,338,4,W,203
2219,233,4,W,195
2220,312,4,W,189
2221,361,4,W,201
2222,190,4,W,186
2223,4,4,W,203
2224,208,4,W,210
2225,8,4,W,198
2226,111,4,W,188
2227,16,4,W,193
2228,139,4,W,183
2229,253,4,W,206
2230,240,4,W,221
2231,173,4,W,203
2232,105,4,W,205
2233,144,4,W,186
2234,302,4,W,190
2235,158,4,W,212
2236,274,4,W,195
2237,254,4,W,206
2238,323,4,W,214
2239,259,4,W,206
2240,239,4,W,205
2241,49,4,W,196
2242,220,4,W,197
2243,211,4,W,191
2244,95,4,W,216
2245,5,4,W,204
2246,381,4,W,219
2247,150,4,W,207
2248,340,4,W,195
2249,115,4,W,189
2250,172,4,W,202
2251,169,4,W,198
2252,47,4,W,196
2253,336,4,W,189
2254,309,4,W,189
2255,102,4,W,191
2256,286,4,W,197
2257,175,4,W,188
2258,52,4,W,200
2259,129,4,W,201
2260,214,4,W,207
2261,341,4,W,205
2262,351,4,W,199
2263,366,4,W,195
2264,89,4,W,NA
2265,314,4,W,194
2266,124,4,W,195
2267,246,4,W,207
2268,72,4,W,204
2269,171,4,W,192
2270,71,4,W,190
2271,332,4,W,NA
2272,46,4,W,204
2273,37,4,W,203
2274,276,4,W,207
2275,22,4,W,203
2276,73,4,W,204
2277,145,4,W,185
2278,96,4,W,198
2279,230,4,W,NA
2280,210,4,W,198
2281,117,4,W,194
2282,31,4,W,189
2283,166,4,W,203
2284,104,4,W,204
2285,199,4,W,NA
2286,287,4,W,204
2287,353,4,W,204
2288,143,4,W,188
2289,324,4,W,191
2290,61,4,W,186
2291,360,4,W,206
2292,215,4,W,198
2293,63,4,W,201
2294,279,4,W,207
2295,107,4,W,191
2296,291,4,W,209
2297,376,4,W,NA
2298,200,4,W,187
2299,347,4,W,219
2300,343,4,W,195
2301,271,4,W,204
2302,62,4,W,196
2303,138,4,W,187
2304,151,4,W,198
2305,225,4,W,200
2306,161,4,W,213
2307,373,4,W,215
2308,50,4,W,195
2309,223,4,W,199
2310,267,4,W,192
2311,169,3,D,183
2312,208,3,D,202
2313,211,3,D,184
2314,20,3,D,197
2315,61,3,D,190
2316,346,3,D,198
2317,300,3,D,207
2318,338,3,D,198
2319,88,3,D,186
2320,145,3,D,186
2321,365,3,D,194
2322,311,3,D,201
2323,53,3,D,188
2324,173,3,D,202
2325,59,3,D,190
2326,327,3,D,188
2327,290,3,D,194
2328,207,3,D,193
2329,217,3,D,212
2330,223,3,D,203
2331,342,3,D,189
2332,210,3,D,NA
2333,234,3,D,187
2334,51,3,D,193
2335,31,3,D,198
2336,198,3,D,195
2337,351,3,D,201
2338,333,3,D,190
2339,12,3,D,188
2340,222,3,D,197
2341,352,3,D,NA
2342,158,3,D,190
2343,294,3,D,194
2344,110,3,D,187
2345,129,3,D,186
2346,221,3,D,201
2347,379,3,D,193
2348,58,3,D,193
2349,100,3,D,200
2350,278,3,D,195
2351,154,3,D,203
2352,274,3,D,199
2353,23,3,D,199
2354,227,3,D,197
2355,37,3,D,200
2356,358,3,D,190
2357,182,3,D,NA
2358,355,3,D,200
2359,288,3,D,NA
2360,123,3,D,187
2361,386,3,D,NA
2362,272,3,D,192
2363,128,3,D,185
2364,159,3,D,199
2365,147,3,D,185
2366,317,3,D,192
2367,41,3,D,187
2368,30,3,D,199
2369,62,3,D,187
2370,330,3,D,191
2371,72,3,D,189
2372,115,3,D,198
2373,161,3,D,184
2374,50,3,D,192
2375,91,3,D,206
2376,66,3,D,189
2377,268,3,D,198
2378,162,3,D,185
2379,252,3,D,203
2380,315,3,D,189
2381,19,3,D,205
2382,214,3,D,190
2383,306,3,D,186
2384,176,3,D,196
2385,375,3,D,193
2386,98,3,D,205
2387,376,3,D,211
2388,69,3,D,189
2389,331,3,D,203
2390,97,3,D,189
2391,125,3,D,185
2392,371,3,D,212
2393,341,3,D,188
2394,259,3,D,193
2395,373,3,D,193
2396,363,3,D,NA
2397,4,3,D,NA
2398,131,3,D,182
2399,164,3,D,206
2400,264,3,D,208
2401,295,3,D,NA
2402,326,3,D,185
2403,289,3,D,NA
2404,220,3,D,206
2405,367,3,D,203
2406,242,3,D,203
2407,77,3,D,187
2408,319,3,D,186
2409,144,3,D,183
2410,108,3,D,194
2411,106,3,D,187
2412,243,3,D,NA
2413,309,3,D,193
2414,80,3,D,195
2415,42,3,D,210
2416,44,3,D,187
2417,27,3,D,201
2418,177,3,D,186
2419,142,3,D,189
2420,189,3,D,184
2421,127,3,D,189
2422,166,3,D,195
2423,33,3,D,191
2424,165,3,D,188
2425,99,3,D,NA
2426,260,3,D,208
2427,368,3,D,203
2428,56,3,D,196
2429,205,3,D,195
2430,340,3,D,211
2431,93,3,D,194
2432,291,3,D,NA
2433,299,3,D,204
2434,228,3,D,204
2435,308,3,D,NA
2436,137,3,D,182
2437,149,3,D,203
2438,45,3,D,197
2439,316,3,D,198
2440,292,3,D,205
2441,92,3,D,196
2442,366,3,D,196
2443,273,3,D,204
2444,302,3,D,207
2445,155,3,D,202
2446,280,3,D,205
2447,170,3,D,187
2448,28,3,D,188
2449,314,3,D,186
2450,78,3,D,184
2451,13,3,D,196
2452,35,3,D,196
2453,241,3,D,203
2454,47,3,D,184
2455,5,3,D,208
2456,86,3,D,195
2457,347,3,D,194
2458,65,3,D,189
2459,258,3,D,210
2460,17,3,D,189
2461,107,3,D,189
2462,82,3,D,186
2463,286,3,D,204
2464,186,3,D,193
2465,287,3,D,203
2466,109,3,D,190
2467,105,3,D,201
2468,10,3,D,189
2469,180,3,D,194
2470,356,3,D,193
2471,335,3,D,189
2472,192,3,D,185
2473,55,3,D,202
2474,230,3,D,203
2475,328,3,D,197
2476,305,3,D,192
2477,3,3,D,203
2478,167,3,D,194
2479,251,3,D,205
2480,202,3,D,209
2481,233,3,D,193
2482,353,3,D,205
2483,212,3,D,189
2484,250,3,D,NA
2485,224,3,D,196
2486,89,3,D,202
2487,48,3,D,195
2488,138,3,D,183
2489,385,3,D,191
2490,254,3,D,202
2491,276,3,D,NA
2492,360,3,D,182
2493,38,3,D,203
2494,350,3,D,197
2495,118,3,D,NA
2496,369,3,D,NA
2497,320,3,D,209
2498,325,3,D,189
2499,151,3,D,NA
2500,377,3,D,183
2501,43,3,D,192
2502,96,3,D,193
2503,218,3,D,NA
2504,334,3,D,185
2505,95,3,D,186
2506,68,3,D,201
2507,157,3,D,183
2508,267,3,D,189
2509,146,3,D,193
2510,143,3,D,182
2511,153,3,D,188
2512,380,3,D,188
2513,70,3,D,209
2514,275,3,D,201
2515,215,3,D,189
2516,195,3,D,190
2517,9,3,D,202
2518,313,3,D,186
2519,46,3,D,190
2520,71,3,D,198
2521,219,3,D,185
2522,246,3,D,193
2523,14,3,D,194
2524,34,3,D,200
2525,54,3,D,199
2526,262,3,D,NA
2527,18,3,D,201
2528,213,3,D,202
2529,249,3,D,200
2530,321,3,D,183
2531,22,3,D,190
2532,337,3,D,193
2533,113,3,D,NA
2534,174,3,D,193
2535,284,3,D,191
2536,269,3,D,192
2537,187,3,D,NA
2538,79,3,D,194
2539,141,3,D,183
2540,231,3,D,194
2541,277,3,D,203
2542,24,3,D,190
2543,103,3,D,205
2544,263,3,D,NA
2545,324,3,D,186
2546,119,3,D,189
2547,156,3,D,188
2548,359,3,D,206
2549,39,3,D,196
2550,102,3,D,186
2551,171,3,D,210
2552,196,3,D,189
2553,204,3,D,189
2554,238,3,D,192
2555,191,3,D,199
2556,318,3,D,193
2557,364,3,D,199
2558,240,3,D,NA
2559,111,3,D,199
2560,16,3,D,188
2561,181,3,D,193
2562,94,3,D,195
2563,114,3,D,208
2564,247,3,D,187
2565,21,3,D,188
2566,117,3,D,194
2567,25,3,D,194
2568,132,3,D,193
2569,265,3,D,205
2570,136,3,D,182
2571,7,3,D,203
2572,2,3,D,189
2573,203,3,D,210
2574,281,3,D,194
2575,90,3,D,203
2576,60,3,D,185
2577,297,3,D,NA
2578,298,3,D,204
2579,130,3,D,184
2580,336,3,D,188
2581,163,3,D,202
2582,1,3,D,NA
2583,312,3,D,190
2584,370,3,D,198
2585,124,3,D,182
2586,179,3,D,194
2587,329,3,D,197
2588,216,3,D,185
2589,63,3,D,189
2590,6,3,D,NA
2591,73,3,D,199
2592,135,3,D,185
2593,112,3,D,211
2594,29,3,D,202
2595,85,3,D,189
2596,293,3,D,NA
2597,285,3,D,186
2598,357,3,D,186
2599,282,3,D,194
2600,190,3,D,191
2601,121,3,D,190
2602,374,3,D,190
2603,104,3,D,188
2604,133,3,D,186
2605,76,3,D,188
2606,178,3,D,188
2607,83,3,D,191
2608,40,3,D,192
2609,11,3,D,192
2610,126,3,D,182
2611,257,3,D,205
2612,193,3,D,192
2613,67,3,D,203
2614,372,3,D,194
2615,168,3,D,NA
2616,226,3,D,200
2617,349,3,D,192
2618,236,3,D,195
2619,266,3,D,187
2620,194,3,D,193
2621,52,3,D,189
2622,183,3,D,194
2623,101,3,D,184
2624,310,3,D,NA
2625,383,3,D,193
2626,139,3,D,208
2627,140,3,D,188
2628,384,3,D,NA
2629,345,3,D,191
2630,237,3,D,NA
2631,296,3,D,201
2632,49,3,D,191
2633,8,3,D,189
2634,362,3,D,NA
2635,304,3,D,209
2636,64,3,D,213
2637,188,3,D,200
2638,229,3,D,196
2639,57,3,D,203
2640,81,3,D,192
2641,248,3,D,190
2642,87,3,D,NA
2643,382,3,D,188
2644,244,3,D,191
2645,152,3,D,192
2646,354,3,D,NA
2647,307,3,D,183
2648,339,3,D,186
2649,209,3,D,189
2650,74,3,D,204
2651,361,3,D,188
2652,235,3,D,203
2653,332,3,D,NA
2654,256,3,D,192
2655,160,3,D,201
2656,175,3,D,207
2657,84,3,D,184
2658,116,3,D,197
2659,75,3,D,189
2660,232,3,D,194
2661,185,3,D,206
2662,184,3,D,205
2663,239,3,D,197
2664,148,3,D,206
2665,199,3,D,208
2666,270,3,D,NA
2667,26,3,D,188
2668,378,3,D,203
2669,201,3,D,191
2670,303,3,D,197
2671,271,3,D,202
2672,172,3,D,189
2673,323,3,D,200
2674,225,3,D,199
2675,36,3,D,NA
2676,381,3,D,198
2677,134,3,D,194
2678,322,3,D,194
2679,122,3,D,203
2680,150,3,D,185
2681,253,3,D,191
2682,206,3,D,192
2683,255,3,D,202
2684,32,3,D,198
2685,15,3,D,196
2686,343,3,D,182
2687,261,3,D,199
2688,197,3,D,191
2689,279,3,D,195
2690,344,3,D,193
2691,200,3,D,193
2692,120,3,D,186
2693,245,3,D,191
2694,283,3,D,NA
2695,348,3,D,202
2696,258,4,D,196
2697,340,4,D,190
2698,115,4,D,186
2699,92,4,D,198
2700,68,4,D,192
2701,209,4,D,188
2702,168,4,D,189
2703,248,4,D,202
2704,380,4,D,193
2705,182,4,D,188
2706,262,4,D,NA
2707,123,4,D,185
2708,280,4,D,198
2709,220,4,D,193
2710,114,4,D,NA
2711,369,4,D,191
2712,174,4,D,195
2713,178,4,D,190
2714,67,4,D,204
2715,173,4,D,202
2716,204,4,D,193
2717,196,4,D,183
2718,101,4,D,200
2719,157,4,D,193
2720,277,4,D,188
2721,143,4,D,184
2722,9,4,D,NA
2723,177,4,D,188
2724,38,4,D,199
2725,291,4,D,195
2726,333,4,D,190
2727,91,4,D,203
2728,298,4,D,202
2729,169,4,D,195
2730,270,4,D,195
2731,175,4,D,194
2732,145,4,D,193
2733,84,4,D,191
2734,194,4,D,194
2735,372,4,D,200
2736,87,4,D,206
2737,54,4,D,195
2738,151,4,D,192
2739,24,4,D,202
2740,313,4,D,186
2741,339,4,D,188
2742,94,4,D,205
2743,81,4,D,188
2744,379,4,D,206
2745,352,4,D,206
2746,34,4,D,193
2747,41,4,D,191
2748,197,4,D,194
2749,241,4,D,208
2750,308,4,D,NA
2751,242,4,D,207
2752,160,4,D,187
2753,290,4,D,206
2754,25,4,D,189
2755,171,4,D,187
2756,18,4,D,NA
2757,127,4,D,185
2758,193,4,D,201
2759,229,4,D,205
2760,266,4,D,203
2761,347,4,D,193
2762,375,4,D,183
2763,106,4,D,185
2764,176,4,D,200
2765,89,4,D,188
2766,93,4,D,209
2767,103,4,D,190
2768,72,4,D,187
2769,199,4,D,NA
2770,11,4,D,191
2771,59,4,D,192
2772,295,4,D,188
2773,341,4,D,189
2774,189,4,D,187
2775,232,4,D,192
2776,363,4,D,191
2777,52,4,D,199
2778,239,4,D,198
2779,80,4,D,209
2780,148,4,D,NA
2781,138,4,D,210
2782,366,4,D,190
2783,353,4,D,200
2784,90,4,D,187
2785,62,4,D,202
2786,231,4,D,190
2787,360,4,D,194
2788,188,4,D,200
2789,86,4,D,189
2790,216,4,D,188
2791,129,4,D,192
2792,316,4,D,187
2793,321,4,D,188
2794,299,4,D,202
2795,338,4,D,185
2796,4,4,D,202
2797,344,4,D,207
2798,137,4,D,210
2799,117,4,D,187
2800,294,4,D,194
2801,285,4,D,NA
2802,76,4,D,192
2803,260,4,D,197
2804,235,4,D,201
2805,30,4,D,192
2806,7,4,D,194
2807,268,4,D,200
2808,8,4,D,199
2809,95,4,D,182
2810,100,4,D,186
2811,154,4,D,207
2812,162,4,D,185
2813,102,4,D,194
2814,257,4,D,185
2815,225,4,D,200
2816,172,4,D,NA
2817,73,4,D,199
2818,44,4,D,187
2819,130,4,D,187
2820,74,4,D,185
2821,364,4,D,NA
2822,381,4,D,187
2823,70,4,D,199
2824,325,4,D,192
2825,136,4,D,206
2826,105,4,D,194
2827,343,4,D,187
2828,57,4,D,194
2829,167,4,D,205
2830,107,4,D,190
2831,324,4,D,187
2832,63,4,D,208
2833,205,4,D,207
2834,153,4,D,182
2835,221,4,D,200
2836,104,4,D,204
2837,385,4,D,193
2838,3,4,D,201
2839,109,4,D,192
2840,256,4,D,194
2841,132,4,D,183
2842,60,4,D,187
2843,120,4,D,192
2844,180,4,D,209
2845,183,4,D,195
2846,149,4,D,195
2847,386,4,D,NA
2848,77,4,D,203
2849,371,4,D,190
2850,152,4,D,197
2851,192,4,D,187
2852,303,4,D,186
2853,348,4,D,210
2854,337,4,D,205
2855,201,4,D,202
2856,254,4,D,NA
2857,259,4,D,210
2858,255,4,D,198
2859,17,4,D,201
2860,58,4,D,185
2861,245,4,D,193
2862,88,4,D,189
2863,289,4,D,NA
2864,251,4,D,208
2865,212,4,D,191
2866,47,4,D,188
2867,61,4,D,194
2868,79,4,D,197
2869,250,4,D,205
2870,15,4,D,196
2871,349,4,D,195
2872,110,4,D,187
2873,224,4,D,203
2874,215,4,D,211
2875,139,4,D,185
2876,124,4,D,185
2877,261,4,D,NA
2878,158,4,D,191
2879,322,4,D,194
2880,118,4,D,186
2881,36,4,D,200
2882,200,4,D,203
2883,253,4,D,191
2884,282,4,D,200
2885,243,4,D,207
2886,287,4,D,NA
2887,336,4,D,190
2888,66,4,D,193
2889,39,4,D,205
2890,185,4,D,187
2891,1,4,D,201
2892,187,4,D,205
2893,312,4,D,199
2894,179,4,D,188
2895,214,4,D,194
2896,237,4,D,202
2897,96,4,D,NA
2898,20,4,D,191
2899,310,4,D,185
2900,83,4,D,203
2901,271,4,D,206
2902,357,4,D,189
2903,292,4,D,209
2904,281,4,D,NA
2905,133,4,D,184
2906,284,4,D,203
2907,112,4,D,195
2908,244,4,D,197
2909,75,4,D,192
2910,286,4,D,188
2911,269,4,D,206
2912,358,4,D,191
2913,64,4,D,201
2914,113,4,D,205
2915,190,4,D,194
2916,65,4,D,208
2917,69,4,D,189
2918,163,4,D,197
2919,108,4,D,191
2920,378,4,D,182
2921,202,4,D,189
2922,219,4,D,187
2923,210,4,D,204
2924,362,4,D,188
2925,203,4,D,194
2926,276,4,D,203
2927,315,4,D,188
2928,373,4,D,194
2929,279,4,D,195
2930,329,4,D,188
2931,275,4,D,199
2932,350,4,D,202
2933,323,4,D,194
2934,85,4,D,194
2935,208,4,D,193
2936,48,4,D,191
2937,146,4,D,197
2938,23,4,D,202
2939,56,4,D,194
2940,383,4,D,195
2941,19,4,D,200
2942,377,4,D,209
2943,119,4,D,188
2944,121,4,D,185
2945,135,4,D,191
2946,12,4,D,186
2947,40,4,D,206
2948,309,4,D,192
2949,32,4,D,197
2950,265,4,D,NA
2951,5,4,D,207
2952,195,4,D,212
2953,159,4,D,213
2954,246,4,D,207
2955,238,4,D,NA
2956,233,4,D,190
2957,31,4,D,188
2958,156,4,D,198
2959,302,4,D,200
2960,382,4,D,187
2961,116,4,D,186
2962,141,4,D,187
2963,318,4,D,187
2964,304,4,D,NA
2965,27,4,D,197
2966,288,4,D,NA
2967,368,4,D,194
2968,50,4,D,189
2969,345,4,D,189
2970,317,4,D,197
2971,311,4,D,190
2972,2,4,D,NA
2973,51,4,D,185
2974,272,4,D,204
2975,37,4,D,205
2976,6,4,D,200
2977,342,4,D,186
2978,45,4,D,190
2979,191,4,D,NA
2980,370,4,D,189
2981,26,4,D,188
2982,206,4,D,187
2983,140,4,D,210
2984,10,4,D,189
2985,307,4,D,185
2986,21,4,D,197
2987,356,4,D,205
2988,111,4,D,200
2989,184,4,D,NA
2990,49,4,D,183
2991,78,4,D,192
2992,328,4,D,191
2993,240,4,D,212
2994,283,4,D,NA
2995,126,4,D,183
2996,147,4,D,189
2997,218,4,D,209
2998,170,4,D,187
2999,249,4,D,200
3000,326,4,D,199
3001,223,4,D,196
3002,234,4,D,186
3003,346,4,D,194
3004,384,4,D,192
3005,330,4,D,186
3006,247,4,D,188
3007,150,4,D,NA
3008,33,4,D,207
3009,359,4,D,190
3010,319,4,D,187
3011,97,4,D,194
3012,306,4,D,188
3013,29,4,D,197
3014,46,4,D,199
3015,226,4,D,208
3016,293,4,D,NA
3017,332,4,D,NA
3018,267,4,D,195
3019,142,4,D,184
3020,252,4,D,196
3021,35,4,D,195
3022,227,4,D,192
3023,355,4,D,194
3024,207,4,D,200
3025,335,4,D,189
3026,263,4,D,205
3027,367,4,D,201
3028,374,4,D,190
3029,230,4,D,213
3030,213,4,D,NA
3031,181,4,D,NA
3032,314,4,D,186
3033,14,4,D,204
3034,98,4,D,205
3035,161,4,D,183
3036,131,4,D,213
3037,211,4,D,186
3038,274,4,D,NA
3039,354,4,D,194
3040,222,4,D,207
3041,13,4,D,187
3042,166,4,D,187
3043,376,4,D,210
3044,164,4,D,194
3045,22,4,D,195
3046,320,4,D,207
3047,144,4,D,183
3048,198,4,D,187
3049,361,4,D,200
3050,327,4,D,183
3051,165,4,D,187
3052,217,4,D,193
3053,186,4,D,208
3054,334,4,D,189
3055,53,4,D,199
3056,122,4,D,186
3057,43,4,D,202
3058,331,4,D,NA
3059,155,4,D,200
3060,99,4,D,193
3061,42,4,D,203
3062,296,4,D,195
3063,264,4,D,NA
3064,16,4,D,195
3065,351,4,D,191
3066,125,4,D,193
3067,236,4,D,196
3068,365,4,D,NA
3069,28,4,D,198
3070,71,4,D,197
3071,273,4,D,207
3072,82,4,D,186
3073,305,4,D,188
3074,297,4,D,202
3075,55,4,D,199
3076,300,4,D,185
3077,228,4,D,189
3078,278,4,D,201
3079,128,4,D,209
3080,134,4,D,198